{"cameraMode":{"drawMode":0,"name":"Shaded","section":"Shading Mode"},"sceneLighting":false,"audioPlay":false,"sceneViewState":{"showFog":true,"showMaterialUpdate":false,"showSkybox":true,"showFlares":true,"showImageEffects":true,"showParticleSystems":true},"in2DMode":false,"pivot":{"x":-2.9802322387695315e-8,"y":0.3651769757270813,"z":2.2351741790771486e-8},"rotation":{"x":-0.3693290948867798,"y":0.010019762441515923,"z":-0.0039837914519011978,"w":-0.9292361736297607},"size":1.5354200601577759,"orthographic":true}