{"cameraMode":{"drawMode":0,"name":"Shaded","section":"Shading Mode"},"sceneLighting":false,"audioPlay":false,"sceneViewState":{"showFog":true,"showMaterialUpdate":false,"showSkybox":true,"showFlares":true,"showImageEffects":true,"showParticleSystems":true},"in2DMode":false,"pivot":{"x":-217.75999450683595,"y":1.0,"z":84.88999938964844},"rotation":{"x":-0.006780204828828573,"y":0.6851007342338562,"z":-0.006379315163940191,"w":-0.7283889055252075},"size":4.286825656890869,"orthographic":true}